user_id,label
10090,c
10420,b
10940,c
11360,d
11388,c
11639,b
11886,c
12129,b
123,b
12540,c
12559,c
1264,d
1270,c
12853,b
13288,c
13321,d
13675,c
13753,c
14075,d
14090,c
14179,a
14272,c
14302,c
14310,b
14680,c
14696,a
14713,d
14737,d
14958,c
14959,a
15024,a
15099,b
1523,c
15722,c
15807,c
16079,c
16366,c
16466,a
16596,c
16673,c
16852,d
16867,d
17336,b
17492,c
17497,a
17606,c
17820,d
1816,c
18321,d
18608,c
18616,c
18639,c
1889,c
18905,b
19041,b
19058,d
19239,b
19250,d
19254,a
19510,c
19537,c
19788,b
19916,d
20007,d
2025,b
20277,c
20824,c
21296,d
21653,c
21714,b
21926,d
21939,a
22941,d
23080,c
23341,c
23374,b
23400,c
24003,c
2421,d
24212,b
24231,b
24248,a
243,c
24331,c
25059,a
25320,c
25776,a
25832,b
26188,b
26542,b
2676,c
26797,c
27132,b
27214,c
27262,c
27362,b
27632,b
27636,a
28112,c
28224,b
28541,c
28817,d
29135,a
29142,d
29220,b
29305,b
29356,c
29473,a
29501,d
29571,c
29665,c
29738,a
29972,b
30010,b
30076,a
30179,c
30529,b
3058,d
30593,d
3096,a
31037,c
31509,c
31623,b
31683,c
31884,a
31972,d
31993,a
32316,a
32490,c
32714,c
32858,d
32890,c
33368,d
33570,a
33655,b
33739,c
33824,d
34032,c
34078,c
34247,d
34268,d
3434,c
34464,c
34502,c
34699,b
34700,a
34953,c
35589,d
35822,b
36117,c
36320,b
36361,c
3697,b
373,d
37414,b
37457,c
37759,d
37770,c
38491,c
38515,d
38531,c
38801,a
3928,d
39496,a
39656,c
39832,c
3999,c
40148,c
40240,b
40671,c
40938,a
40982,a
41164,a
41651,c
41925,a
42410,d
4288,c
43030,c
43263,c
43328,c
43701,c
44529,b
44554,b
44656,c
44826,c
44846,c
45099,c
45437,b
45909,c
46115,b
46258,c
46267,c
46434,b
46530,c
46616,d
46771,d
46835,d
47012,c
47251,d
47572,d
47607,a
47614,c
47676,a
47899,c
47912,b
48497,c
48524,a
48631,c
48665,b
49038,c
49268,c
49662,a
49998,b
50193,c
50326,c
50337,d
50339,c
51395,d
51787,c
51870,c
5224,d
528,a
5484,a
5616,b
5916,c
6303,b
6572,b
6939,c
6998,c
7038,c
7284,b
7302,c
7593,b
777,c
7775,c
8217,c
8242,c
836,c
8368,c
8416,c
8547,c
8589,a
8923,a
899,d
9653,c
40130,a
19368,a
20841,a
8720,a
32730,a
19994,a
26047,a
44264,a
51023,a
22733,a
16609,a
50804,a
32599,a
51498,a
40976,a
37006,a
4192,a
2071,a
30759,a
15033,a
14406,a
3344,a
30974,a
26179,a
37521,a
37840,a
29216,a
27553,a
45356,a
10799,a
22913,a
2103,a
27116,a
10287,a
152,a
41711,a
8961,a
51643,a
11464,a
13704,a
45966,a
5406,a
45433,a
13291,a
49639,a
26244,a
1288,a
46967,a
15355,a
7658,a
24839,a
20386,a
706,a
19941,a
36990,a
19512,a
50011,a
16719,a
29434,a
30049,a
50604,a
48723,a
9583,a
42705,a
51363,a
43085,a
23308,a
13995,a
32819,a
13347,a
38518,a
6949,a
38058,a
42349,a
21291,a
32267,a
18824,a
50293,a
33416,a
34533,a
8622,a
41192,a
30107,a
23785,a
15769,a
50096,a
22354,a
13957,a
6987,a
18482,a
48651,a
8967,a
31370,a
22002,a
49202,a
19409,a
50386,a
51526,a
6375,a
38379,a
18647,a
27877,a
20406,a
18787,a
47817,a
1690,a
16768,a
26433,a
50028,a
14637,a
46472,a
48566,a
4796,a
9787,a
50830,a
27149,a
19871,a
1500,a
15984,a
20488,a
33996,a
20127,a
2435,a
7662,a
42974,a
6198,a
50602,a
35107,b
11455,b
50207,b
39703,b
30566,b
48548,b
29020,b
20503,b
35071,b
43584,b
46119,b
49714,b
18209,b
4897,b
16723,b
50624,b
21485,b
28380,b
32144,b
16402,b
24169,b
7312,b
5004,b
44265,b
11349,b
39980,b
34375,b
43206,b
5169,b
1526,b
13317,b
33973,b
40424,b
34712,b
16955,b
1215,b
5170,b
36890,b
42543,b
7801,b
19832,b
15696,b
25865,b
32621,b
33936,b
43739,b
18262,b
24226,b
18752,b
9212,b
42997,c
981,c
2205,c
49779,c
35819,c
22006,c
27495,c
10360,c
40823,c
370,c
10869,c
31083,c
16035,c
16807,c
21999,c
39636,c
49903,c
45266,c
19955,c
51216,c
14542,c
45455,c
15127,c
12447,c
48461,c
48083,c
13074,c
33250,c
4193,c
21174,c
6234,c
39330,c
50294,c
48892,c
10701,c
34677,c
9658,c
9398,c
25055,c
21780,c
31691,c
39369,c
40034,c
47176,c
34169,c
45222,c
26849,c
9079,c
10753,c
46485,c
42748,c
48293,c
5215,c
1854,c
15195,c
48663,c
15152,c
56,c
51883,c
40919,c
20747,c
6370,c
15870,c
33687,c
47723,c
26545,c
42188,c
35826,c
18362,c
42934,c
47415,c
26306,c
26683,c
16441,c
42685,c
45477,c
14635,c
8907,c
1610,c
10914,c
46710,c
50054,c
33620,c
27668,c
50144,c
17406,c
10171,c
13199,c
5782,c
25479,c
1489,c
137,c
28071,c
2667,c
4831,c
49677,c
33917,c
4184,c
4031,c
34960,c
19959,c
30945,c
8821,c
14623,c
44773,c
32625,c
45509,c
5227,c
12192,c
33301,c
13750,c
36558,c
34567,c
32063,d
47016,d
5827,d
17946,d
39474,d
43705,d
35751,d
34271,d
3402,d
32114,d
16,d
21808,d
44776,d
26024,d
28703,d
32261,d
8454,d
16392,d
50949,d
45051,d
3973,d
29627,d
51274,d
36154,d
12216,d
6537,d
41059,d
8874,d
48431,d
50477,d
30316,d
46922,d
8554,d
19113,d
44360,d
44747,d
15416,d
6826,d
48276,d
12096,d
15566,d
45096,d
13221,d
36927,d
31839,d
39819,d
19339,d
44582,d
7904,d
22015,d
15979,d
40522,d
9945,d
41528,d
24836,d
47267,d
14492,d
28983,d
34135,d
46315,d
40703,d
4132,d
3236,d
48291,d
44029,d
13197,d
26646,d
1318,d
10977,d
2370,d
20211,d
4517,d
9605,d
36241,d
33604,d
10283,d
49975,d
9174,d
47190,d
31287,d
2835,d
50464,d
13018,d
15611,d
17708,d
5611,d
45401,d
35089,d
45072,d
7371,d
18136,d
1233,d
30972,d
43273,d
32280,d
45351,d
47707,d
51455,d
29598,d
35398,d
37611,d
48007,d
11534,d
15914,d
7489,d
32938,d
46078,d
5791,d
5096,d
3730,d
967,d
25499,d
6317,d
7864,d
30432,d
26864,d
16175,d
21909,d
19347,d
7241,d
39562,d
29644,d
32225,d
2655,d
15163,d
16310,d
49219,d
11978,d
32775,d
38629,d
2853,d
38184,d
16927,d
36766,d
38526,d
19089,d
44705,d
28721,d
24255,d
26474,d
29478,d
29053,d
14574,d
5985,d
5422,d
43761,d
49045,d
50571,d
32463,d
22134,d
5657,d
38533,d
21773,d
1419,d
36760,d
46272,d
42355,d
39495,d
15000,d
4983,d
12900,d
10835,d
25502,d
13814,d
40756,d
10276,d
29426,d
8759,d
28252,d
20019,d
5548,d
3700,d
33749,d
16093,d
26741,d
10400,d
29648,d
11907,d
18583,d
40225,d
32057,d
26174,d
32960,d
25368,d
19021,d
39188,d
42285,d
17468,d
10146,d
31724,d
11885,d
8588,d
3032,d
31300,d
40448,d
20508,d
20908,d
8215,d
4606,d
7007,d
18869,d
49333,d
36977,d
5196,d
26915,d
37903,d
